{
  "Create Post" : {
    "transaction" : "Create Post",
    "sampleCount" : 300,
    "errorCount" : 0,
    "errorPct" : 0.0,
    "meanResTime" : 628.136666666667,
    "medianResTime" : 420.0,
    "minResTime" : 363.0,
    "maxResTime" : 2172.0,
    "pct1ResTime" : 1095.5000000000002,
    "pct2ResTime" : 1241.5999999999997,
    "pct3ResTime" : 2006.8700000000001,
    "throughput" : 3.014863275950436,
    "receivedKBytesPerSec" : 2.633265200563779,
    "sentKBytesPerSec" : 0.9097585471373872
  },
  "Register" : {
    "transaction" : "Register",
    "sampleCount" : 200,
    "errorCount" : 0,
    "errorPct" : 0.0,
    "meanResTime" : 761.3749999999999,
    "medianResTime" : 588.0,
    "minResTime" : 411.0,
    "maxResTime" : 2246.0,
    "pct1ResTime" : 1199.5,
    "pct2ResTime" : 1350.5,
    "pct3ResTime" : 2025.3100000000006,
    "throughput" : 2.002382835574333,
    "receivedKBytesPerSec" : 1.6521809390674904,
    "sentKBytesPerSec" : 0.7450272073767784
  },
  "Total" : {
    "transaction" : "Total",
    "sampleCount" : 1000,
    "errorCount" : 0,
    "errorPct" : 0.0,
    "meanResTime" : 711.1459999999984,
    "medianResTime" : 474.5,
    "minResTime" : 363.0,
    "maxResTime" : 2681.0,
    "pct1ResTime" : 1151.6,
    "pct2ResTime" : 1317.8999999999999,
    "pct3ResTime" : 2054.91,
    "throughput" : 9.820385155505798,
    "receivedKBytesPerSec" : 8.2107530608913,
    "sentKBytesPerSec" : 3.48988101375836
  },
  "Login" : {
    "transaction" : "Login",
    "sampleCount" : 500,
    "errorCount" : 0,
    "errorPct" : 0.0,
    "meanResTime" : 740.8600000000006,
    "medianResTime" : 522.5,
    "minResTime" : 367.0,
    "maxResTime" : 2681.0,
    "pct1ResTime" : 1161.8000000000002,
    "pct2ResTime" : 1398.9999999999993,
    "pct3ResTime" : 2170.940000000001,
    "throughput" : 4.910192577752899,
    "receivedKBytesPerSec" : 4.016959498276523,
    "sentKBytesPerSec" : 1.8700928762926083
  }
}