{
  "Create Post" : {
    "transaction" : "Create Post",
    "sampleCount" : 596,
    "errorCount" : 0,
    "errorPct" : 0.0,
    "meanResTime" : 752.4563758389259,
    "medianResTime" : 494.0,
    "minResTime" : 364.0,
    "maxResTime" : 3937.0,
    "pct1ResTime" : 1273.9,
    "pct2ResTime" : 1692.3999999999996,
    "pct3ResTime" : 2954.8999999999937,
    "throughput" : 5.948578728840626,
    "receivedKBytesPerSec" : 5.19675075417698,
    "sentKBytesPerSec" : 1.795030104698978
  },
  "Register" : {
    "transaction" : "Register",
    "sampleCount" : 400,
    "errorCount" : 0,
    "errorPct" : 0.0,
    "meanResTime" : 1012.8924999999999,
    "medianResTime" : 923.0,
    "minResTime" : 410.0,
    "maxResTime" : 4478.0,
    "pct1ResTime" : 1816.0000000000018,
    "pct2ResTime" : 2178.85,
    "pct3ResTime" : 3533.9300000000003,
    "throughput" : 3.9699474974443465,
    "receivedKBytesPerSec" : 3.274741457169229,
    "sentKBytesPerSec" : 1.4770996059827108
  },
  "Total" : {
    "transaction" : "Total",
    "sampleCount" : 1996,
    "errorCount" : 4,
    "errorPct" : 0.2004008,
    "meanResTime" : 893.3732464929859,
    "medianResTime" : 710.0,
    "minResTime" : 362.0,
    "maxResTime" : 5848.0,
    "pct1ResTime" : 1573.8999999999999,
    "pct2ResTime" : 2025.7999999999984,
    "pct3ResTime" : 3185.9999999999945,
    "throughput" : 19.59071502183835,
    "receivedKBytesPerSec" : 16.46020367632625,
    "sentKBytesPerSec" : 6.949126159395396
  },
  "Login" : {
    "transaction" : "Login",
    "sampleCount" : 1000,
    "errorCount" : 4,
    "errorPct" : 0.4,
    "meanResTime" : 929.5520000000008,
    "medianResTime" : 761.0,
    "minResTime" : 362.0,
    "maxResTime" : 5848.0,
    "pct1ResTime" : 1647.3999999999999,
    "pct2ResTime" : 2083.5499999999993,
    "pct3ResTime" : 3378.000000000002,
    "throughput" : 9.814987485890954,
    "receivedKBytesPerSec" : 8.11132036119154,
    "sentKBytesPerSec" : 3.7231774795112136
  }
}