{
  "Total" : {
    "transaction" : "Total",
    "sampleCount" : 1000,
    "errorCount" : 0,
    "errorPct" : 0.0,
    "meanResTime" : 1838.1049999999962,
    "medianResTime" : 1017.0,
    "minResTime" : 437.0,
    "maxResTime" : 17191.0,
    "pct1ResTime" : 4375.4,
    "pct2ResTime" : 5072.799999999999,
    "pct3ResTime" : 6618.090000000001,
    "throughput" : 38.9817955015008,
    "receivedKBytesPerSec" : 31.88748940182435,
    "sentKBytesPerSec" : 14.846582271079408
  },
  "Login" : {
    "transaction" : "Login",
    "sampleCount" : 1000,
    "errorCount" : 0,
    "errorPct" : 0.0,
    "meanResTime" : 1838.1049999999962,
    "medianResTime" : 1017.0,
    "minResTime" : 437.0,
    "maxResTime" : 17191.0,
    "pct1ResTime" : 4375.4,
    "pct2ResTime" : 5072.799999999999,
    "pct3ResTime" : 6618.090000000001,
    "throughput" : 38.9817955015008,
    "receivedKBytesPerSec" : 31.88748940182435,
    "sentKBytesPerSec" : 14.846582271079408
  }
}